control,treatment
9.651322684958215,10.89669995830332
9.501706309285979,10.1731632068939
8.161268683041836,15.67036210779794
8.216384534638951,9.985606126740343
9.72524036291406,8.484775235634663
10.200463790199574,13.41025980481839
12.593863941767069,10.374475497965514
7.860380316208011,11.776180852549581
12.350639274294386,11.36290178783496
8.393745653312688,15.10601163392548
14.372288115705668,13.699772171394816
5.347714914943262,12.060579343577189
12.04943679192059,9.305196317817714
8.256155872323479,13.038774786211977
10.998024445795645,11.648345593195101
6.966624003715202,8.723563348411046
5.587258800497409,14.167208057270713
13.745708480701534,11.442933069095226
5.596356917925887,9.4709228469414
8.747720401219855,12.818902116890767
12.326110941281689,5.717633414239567
11.678657731629533,10.10887896448238
5.964787970627964,10.155338022572401
8.515683678826166,11.189689062853812
12.459134760651793,11.467997263145605
5.9635656130867725,13.53585598238915
9.517432431168336,11.294413740725508
8.024217335051395,5.674578654846621
11.458314020825798,9.170779422447982
8.684477618091035,9.27576023772705
16.941960543481965,12.374678721960995
11.876499893724803,13.145091295498293
10.291588164096325,10.989443326863457
6.933543430195545,11.238624043908262
14.030171195980216,10.477187386922154
12.602758549413855,10.729901205903182
5.256806955123591,14.481609274202539
12.462154272949794,11.162788959242702
14.474714625968318,11.848731353700835
5.973641520574228,13.416250863151859
11.192633594283665,9.742808919903084
6.784514943474695,10.152141780270092
8.905416992165193,11.559751046009078
9.493108002972198,14.050350261152149
8.693345046053086,12.16468560836585
9.86681030313128,14.785792416174475
11.467398825576689,7.8835461573744405
8.49716600642278,9.301142738398367
7.37987979354686,10.176665348377322
9.495180997913513,11.243620845929499
12.101103526544474,12.436410516200262
12.495068239009127,10.403409055233878
9.51913396551952,10.99559043543461
11.805482804979174,7.882573593840942
8.476618383750985,7.87765874431308
11.34214987628735,8.978494550210339
6.464115825111236,9.763870506699861
12.70148981673905,7.76314202166258
12.480583926386402,6.728666322032965
9.29346268199884,7.404436406992574
10.889370175057099,10.444770943816298
8.213443547478105,7.501060064355811
13.483715535655442,16.811703170351816
9.997102999260694,7.688768216269843
8.138991763816936,15.345829679458541
10.638134311678618,8.87718604415965
7.944966072257597,16.722930720412737
9.46737548688775,7.8578164120155485
10.66144016601743,5.756026167779498
10.937291787547922,5.20644194041449
10.290131425759672,10.542983767492608
10.133557699072464,10.160571043032483
5.103706213774389,10.4369071650889
10.384822400966868,13.01893414234085
5.346559579546961,12.297467891924713
7.776972023098495,5.865516184863935
10.833618767280196,10.599326800256328
5.662220487739816,12.071523873597036
9.204305974733296,5.127218964910735
8.824570808670503,10.613960255563564
9.46510357163461,10.676630737059867
9.15404008754645,6.589862723840233
10.390830942618743,13.303302641124501
9.15294788060742,12.844016582023123
9.749781020186276,11.824566322417018
13.273994746255514,10.320422316948791
10.241246853574447,7.888536094400099
7.180918914518703,8.410708357345033
10.481551820804665,11.038154175724033
9.786967643505092,9.113966774106379
11.918370309381075,7.588178595684689
11.546922702043869,12.245638427467751
8.964301660164756,10.750155996751833
8.990067800348353,11.950260014615628
14.34683392642106,6.464116278681551
7.172074312350307,13.073932413983092
12.672297594803286,5.3764611354445995
12.12740834831941,12.070631062742574
9.64123262467172,13.042795886838313
10.574200990940616,12.236303084987956
11.90797682489159,10.92157517347468
14.196365660460001,10.929159203048858
6.775777836338311,12.84657682811436
7.5972794689591865,12.758058716312437
16.767008356824917,12.755293369533664
5.309373928192828,14.529427737811858
3.93173851379606,5.407583736959922
9.13278546097639,11.461965831191634
11.712339655838013,13.024330312519664
3.6640694851210878,7.036959122769197
11.117173246693275,12.876337915401425
10.576078362072455,12.441454903059673
5.906993207278541,10.451337168453128
8.006924178534437,9.665811380232313
10.036840252831363,12.5085659979797
6.968609892987249,8.505861730769206
10.419500838223096,14.15052878594594
7.948799224898564,12.464526180970394
11.987095621647676,10.16362169075467
10.793551055388171,7.008593884863277
4.383310123044827,14.636187950407185
7.713114155985491,6.316817965504708
7.806330852057551,5.80044494184748
10.312288230024025,11.036501049820188
9.805450195992492,8.14421319501467
9.027317125353234,6.896711617395471
12.839044959635377,9.28851409379512
15.127414064173033,9.039520702301557
6.9101252575460865,7.685551088510728
16.191502875029038,14.353858434736564
13.180960365960175,5.927254677292318
8.12137440639167,16.987158350546924
5.999016551109127,12.015867817031944
6.383939548691201,11.155504577628578
14.077706563417417,10.620636041699443
8.87925327638287,8.352156086384753
9.889948039148518,8.088795233841608
6.7393767531044615,13.686079506552204
12.427780328239933,12.350512396469517
11.607151654532474,10.547907001076238
12.39436715366894,10.892455994274405
10.471246310581408,9.68930908341174
10.640505367796129,10.621272731426005
12.223178895237426,11.733201727372055
13.74997819886714,14.463626211167426
8.480917533704105,12.207350114714215
11.059803798265309,7.529440112490458
10.757954719964433,8.776181044631981
13.65070999187807,8.430095752596246
12.353419177690625,7.368227608763715
8.74081243631994,8.148107924023046
6.202650826500059,9.683322953998527
11.930936365613604,12.61729324760771
11.775328192910475,11.752917188152722
10.354450245056647,6.838239656561411
5.912251237157674,5.251135933065454
14.805924597657091,12.530689255247655
8.912175341564515,13.684022408272131
7.566983727623546,13.89747343625188
8.66982747060306,9.684723701681202
12.69069892463755,11.044627008541905
10.441317302073326,11.753246338500656
8.464851958028543,11.49666137306382
9.636315504850941,8.999157544196736
6.360912396783208,10.288192283344102
12.107695111972477,13.409593532277682
9.94470426031526,14.377060738458614
12.981919011706719,8.410517177633547
15.602623536922856,8.186076549610151
11.08897888417266,5.706094935082865
12.321579646915769,9.850343613860568
14.114406995395386,11.164383591067354
12.698652633990505,11.720260764968806
3.3930397426572534,14.00592706069072
9.417174231766017,12.883783508730325
11.480802043746564,12.460150053416083
12.304706320507249,12.318175590864781
8.651288269587068,9.990808742541466
6.742671542625862,13.261951094967388
10.03367510861604,9.194429151881009
9.859679025560443,12.530205639768395
6.021763783235334,13.399417926424963
14.674334885946426,17.03840284307312
14.03806040954393,9.385584310006788
9.311504994946077,7.566961680197535
11.759723562465553,11.519016068194986
8.0433643667066,8.697522677957402
10.268825291451641,8.131474089174468
10.301225629954065,10.464347039383743
12.832534630940675,12.985253791597053
8.848803051305987,8.59847909236848
8.18207287219353,10.24015993940491
8.686230528259834,11.291226758044758
7.733516823193323,5.519869812399087
11.068476231826695,6.390278638726144
7.990339695802212,11.372633112492242
7.36599725177119,15.866643895839273
10.413424374912722,4.441327603587146
10.738796224092265,10.274083282521296
7.10895576648669,9.290691313167748
6.955075826884758,12.585371076530397
11.181766411287043,9.70960485442125
8.626002580959325,11.587878651541056
12.764850229817423,11.798810901079243
10.432089714454527,11.569039365060481
12.309076754120795,8.054529150745534
11.421180841534087,13.877582790683315
10.048730223185933,11.314697790042256
9.899751339189867,10.515306771846943
7.801521136672466,13.47860028335898
11.362778055882979,7.319472969963254
9.486208130090082,11.211995822171032
10.397919123356312,14.210601490635378
7.694664219706675,12.539191925748776
8.268025402452553,12.496838038382732
6.401804269032124,8.767290573986648
10.445283680711489,6.379146916763412
12.321874784836162,9.751801006923175
9.252371725252186,6.497152614294459
14.291953402600612,11.455079183393538
9.792599128656619,12.20748448669463
14.731581781142127,12.54498432536781
8.861122328140864,10.504270695055961
13.207080836054116,12.408454960532886
13.340123642058668,9.757466960277005
9.361260086095523,10.969684304717946
9.94231188286091,9.726553789829637
15.1459503179838,8.965797573392951
8.021365955115241,11.858227860778236
7.884027247010727,10.948717520505427
7.512822559562831,10.576240332517688
12.83977180827652,9.31092357345046
11.582980450503202,14.05397201007198
10.464716114274148,9.594477778459657
5.753260041458936,8.956751332361916
7.708887054248892,8.966355416967525
10.069699822285436,10.864191821216336
10.550780772518841,10.86630540474322
10.879987416963985,12.977692987840223
9.229453950003684,12.795617421451245
11.590604263812876,12.055524603921834
6.952166612507956,13.094811856000662
6.373832670002964,9.017088842321835
8.624665390304703,7.9666682965554365
6.899000237935826,12.423819497412794
9.948308536084486,7.974276688112109
9.228621047084806,9.1064074779076
6.098182366725913,9.9628394922495
12.088973552416716,13.78481520327591
9.527462206665508,8.659960119486696
10.907717000294454,7.668734035736249
10.34128200157993,10.805950956899975
4.192862380401823,9.067529727048894
11.851984738941448,15.194432753538742
8.795702247822376,5.996343000271881
8.034461458451155,10.738043952765047
7.4443584720783855,10.388384406322247
6.766273282613931,12.188953176561302
6.128234305323488,9.48608306392274
6.118888490206115,9.195545233722116
7.9418860678660215,6.630440372341407
12.728313086400865,9.550652503108738
10.911185612132485,8.695076339891836
10.181290610867691,6.110073767115717
14.359295690839744,5.3242544393103834
13.910965538390723,11.39761935184927
7.328455966125245,12.203736928776076
9.18402630337002,9.001846940016064
6.21486369366838,8.779516189297697
6.89529174683618,8.89845477719259
7.775204890305559,10.201798049217228
11.0678656957019,11.407593862271593
9.378853337529067,10.972764048192701
8.433299721641045,9.727122695300883
9.801698137934732,11.041499449242771
5.728015859111123,9.443726462761074
14.137133316349482,8.225512528433704
7.753729849561779,12.067725432833635
9.584146087635757,14.623950613518716
8.05259821907165,7.801276847843246
6.811766225801918,10.575528703731875
8.051262856275644,12.857192871557514
8.707524498814015,9.885484174097126
14.761191562098274,14.03001785355709
10.32486487252692,10.541234331272936
8.46541294767368,11.85892206554322
5.626850249546133,10.906530521186774
11.884799417340634,15.989162467142323
6.935910390679979,9.260448843969629
11.616745624246,10.641350516854988
10.187600357343229,10.764823570616855
8.227184348982355,14.773107070629223
8.30981057138156,7.70062335726316
8.74973314353264,9.72090819474412
8.407206139671834,7.7768705260081665
8.037523832921343,16.032606319647932
7.3919064114308615,11.389467215457984
13.260899021704054,12.464960893094403
13.766249845113004,13.11021832111198
12.123483316420993,7.296149714581175
14.349665441278784,13.478119663593978
13.01277642620308,12.45398483200716
7.5700797988938895,6.616797676310898
10.219021917580204,10.551645210108099
6.752885062675912,11.884724705091617
5.431399856862765,12.476241445581053
8.158574020701556,10.230561252789203
11.625876639066236,9.837907080529058
9.970575900997403,10.531569178567084
7.446877086836211,15.27497933884586
7.213873813928484,10.177433349150412
9.061912826010124,10.467258281659557
10.596899040059267,9.456689047174036
9.668999492689016,8.402503930043414
7.392012998146132,11.514891638853928
5.6137559787632405,11.482063190973967
9.403710422186181,6.070024262096726
10.607710888681874,9.577700929031197
14.480901809396368,11.915964013161803
8.767325949054891,12.128505818718335
12.592455072618067,10.173529196880244
11.990625286690136,10.938967378426653
7.116821024291136,9.19404616796781
5.650473012677491,11.489270948334399
8.692167150520955,10.464867830385971
8.93444604949335,7.8217849953617575
11.924970600790548,12.932078610576438
8.926459275355228,15.110547740962357
7.7386612700024795,9.157551499121716
7.905726596997089,13.83432489600074
9.783995195870235,11.72585067930906
8.294543125815476,11.827910456389306
10.395905559694409,10.739882134321542
10.586636133018496,9.867908131233591
6.974975159663672,12.893801207219136
11.384546800248984,9.847385764013781
8.64315498836012,10.64201358532482
11.224195909332767,13.433503646242576
11.415242878831389,7.561891186523051
8.791508362554511,12.611312778562686
6.225928164473871,11.88875290847416
7.553126557916987,11.68963972950694
8.565227105792852,9.608539256688482
9.985206873710585,8.349592626291722
6.161895407873407,11.415169099955484
11.930007163831092,9.731279099380894
9.967120133133506,11.501856163999996
9.500131208254771,7.127980656235828
10.094013834561238,14.5154401659686
10.887812561029946,9.28813457698866
12.086388375448609,10.987384418030066
7.386976904151382,9.227554478270482
13.644489121751048,15.837330524316787
7.149867544600273,8.63297453138402
9.710017299312373,10.109758958390673
6.47837825616964,12.639202625636385
16.290056659083316,7.47365848746925
10.361089861006075,11.324956539192007
5.275247549308089,11.681974320274518
14.22232226963246,8.247772635132314
12.229846287121015,12.678663071558463
10.185258094031536,13.809658388568513
9.558428214570966,13.375612188863048
11.499307409386702,7.397782364575121
15.224038322183752,13.930778993969946
10.147624411421617,13.883468489770273
14.224453715231368,7.239372146146896
11.280670639411472,5.888959017720678
9.807882272695052,11.661809556192347
8.235501545492374,11.639825765696687
10.381507433651675,15.260049750166159
6.742148306606416,11.303353325260586
10.07747362317873,8.528676259507854
3.609763756770441,13.604934715970485
11.389841164757325,7.8629538085003325
7.282746153503221,10.73629146953513
8.945283541595185,10.424403524081333
12.155599207708276,7.05029271365128
11.572306107574017,8.608540685116093
10.249996645846164,16.01257263460918
9.61615106287586,9.864534345620799
13.047874896550802,12.752414520627577
9.097888171808897,9.282454343391324
7.366110295972577,8.063929746509084
9.534690114242956,10.59891623655704
7.757023870734716,10.019130750786662
11.035572218824827,11.70469000493707
10.3395540885051,9.314856065961179
9.645959137266667,10.395659495742539
10.426279454052736,9.36236071876375
10.623334859570331,10.496056424170785
10.292230061884586,14.068386216245859
9.476087777319744,9.349245011222063
5.964799653542251,11.432162625613957
13.624654039429231,8.306200369320306
12.358541982813698,12.462067573791249
10.264988028019228,6.4577581617285285
4.558874669199845,5.7237664833919695
10.483797356862983,9.457171358584388
12.729238153982013,14.59473174782784
12.542460323359819,12.235581855091949
12.204577998545435,8.069043532004226
10.622546742210782,9.793309429302623
13.684162661220762,12.058838684164437
10.537278189415051,11.416336938095178
7.220412958333664,12.533083762998274
16.303383861005546,11.854622848080258
6.908399710430658,8.735606380208054
11.379320880586876,12.790165482644868
9.628547721501471,6.072064644309239
12.913900375860107,11.650898572968462
7.127929488549601,9.515548704752273
9.6313649249014,10.606539453542402
8.348835886314962,15.09838774491468
9.752195937591488,3.751178405220495
7.947302005570972,11.144685195721276
8.482371217489874,10.811912892541216
12.564163434037383,12.651344664014987
13.3154423619128,6.33585314485576
9.859550873840334,12.771773017708819
6.858082486571674,8.804777128313487
7.5152977680548805,8.603470123037049
7.531727342080629,12.286726170685293
9.377968108868668,10.523254619703502
10.024141681837266,11.063893105430296
11.508912513853868,13.923402218319964
7.472091095820567,7.477101566141597
6.186618407808128,9.681684654211663
12.405910818571424,10.593013898104342
10.760932317013301,12.081343533055692
8.758911008727159,4.818257895341686
10.760939948961099,4.800009078137061
10.231590944280148,9.856281864449747
4.008528383395693,9.847720281774006
9.205550470039608,13.16261081161761
8.091009716044377,8.89753595291931
7.378893336236835,13.671376734426877
13.45789901224464,13.869023097478342
13.109319236622053,12.205797866941536
10.696688096491156,7.901171900234301
9.76594357452571,9.929906138672662
13.451815098888149,14.742933583296923
7.670436305407283,8.595751321066663
7.909988893851949,9.04964183366538
13.233535913632753,9.462416934012504
10.945639280790813,10.125600051632343
4.885880023515176,12.201024798864234
5.257072860023339,12.156247665529847
11.946987034469036,10.334464443375705
8.776077281581793,13.743677692730802
9.358305184572393,11.431164164835694
9.402566715397839,8.585405685097067
10.5165788100903,13.774897714316378
7.954423682076583,13.681161980712067
8.51795656107252,7.185484998630219
8.630150708324665,8.12950771473906
13.039923439108446,6.671206656135182
10.428216418279172,9.770764697554133
8.2022945542511,12.630584381669008
10.678613631613358,6.1991835061443386
8.885053238532802,10.518640574085216
10.992555484782535,10.92062587187015
7.696312529341391,16.07383336271256
10.509517166277861,11.563450682568373
9.7839849261251,13.714220489371591
11.101424243813804,6.36097003896043
10.276069787745021,7.7727684816956835
9.444975478276772,10.161863517428708
4.643170230903464,11.153442584663933
13.626939624332886,12.474351441264204
15.768135547503084,10.955627329420494
8.707976085218462,12.587337648018254
11.734421552395961,9.873466956108773
5.407644862702858,10.183334425353735
9.287364679727615,12.381730247174314
7.747200103885701,8.554029367416874
11.817876270077976,11.91521760246195
8.90544147544572,7.09540524885082
10.49790848692331,7.773588162505896
9.450944229582625,13.869829057849337
9.950829261004863,13.405422177429035
8.093951624127488,11.689684628691154
9.821354984200717,9.708392093506166
11.74533126812932,10.299480793505936
10.883790319594937,9.9736292591724
11.556543829379375,6.975221162993297
8.253459532898903,11.685352482000619
15.142834333132136,3.043946820791226
13.23390618182831,15.40189857514165
15.823376131566517,11.30642126727062
9.608588940654826,9.821319605352778
6.833872115412128,6.433278612710818
7.561148793875261,7.883608199298596
5.367758171789294,9.509625568053771
6.758226144294815,9.564540818189997
6.6685346318125145,8.407498768671914
10.84147843011883,8.897602089639298
11.017422209488508,9.927672357133776
7.6870488805206705,12.843409553904479
7.643878095845361,8.848589246549782
13.18921497097451,12.111766136663185
11.834908122792527,12.456034435805517
8.132068107525308,13.702552116806137
10.97773231950874,11.968388996776177
15.890138326227117,7.856077471654334
11.356148107387192,9.751918376803303
8.990403019270811,11.741677075511378
11.310423047539933,9.769722146200362
10.467292511113465,8.02889351677443
10.790655301010215,11.207577105717878
6.044862757394782,8.592145555497135
9.337977355601097,11.247616667708439
8.184834026154409,7.577933519626078
6.144887342485151,11.943044917423162
10.350990313002665,12.249845339310548
9.908441421404792,9.760210028708814
8.698791378808073,12.15874512249294
7.138722882676166,12.245245704588935
9.674483849933253,14.050926049477924
11.9094941606031,11.97701039715508
8.19410964653228,8.350294309941253
7.308677850831866,9.691068614657505
9.068787625446689,14.049383972989492
11.414388489351722,10.532414738688948
9.87252144572385,11.250151728895128
8.661537420257533,8.860011530720824
11.253209510615175,12.304560503333922
11.126006023884347,10.517211461863862
8.420461110096689,9.348989045803384
12.812577210193705,9.766114005699288
9.925612033004349,8.819306809376874
7.596775176395512,7.362430540247562
13.595818285650347,11.759074039590793
12.769241074692534,11.381621997405107
14.15715309952797,10.459366418898973
13.011363606855513,8.428497234937337
12.040239308803539,9.762072645849361
10.998416976977385,9.291960358654833
9.519720908276792,8.217183095439811
8.388668725549653,9.367237683813038
8.46386766027935,7.482618731022477
10.623124103174646,8.815234647704866
9.191553170394194,11.026020145130051
8.917003497810745,12.109203261460731
8.101135673018545,10.982331646482631
9.30658664864818,8.51202039012632
13.651561502148844,12.656536564228288
11.055852352940281,7.370936731501575
11.182235019254206,10.158050582281074
10.660645880700223,11.88002638808481
12.232757131603456,13.562151964806652
10.287121760593326,3.8939186463884568
10.874757985166179,8.410741354653426
15.653389046144063,9.601075957962765
8.546401771949075,14.81568952592509
10.006153521762698,7.303012712340067
9.95749665137165,10.764395800994238
9.222210348876116,13.24053954577981
6.558797481165271,9.734464783853534
10.524772870119875,10.214062762254416
11.30197035093745,11.007167927803433
14.169309639556712,11.457782494395579
13.769686298046468,9.583095373279557
14.939722905823935,9.618707890134132
8.906753355105995,11.512936147568468
8.216354944289066,9.086296422634433
12.152031201898824,7.5918233398744075
8.835048193337961,11.555796971193882
11.814694040687744,8.135756184311619
10.01947837082887,8.451300035530805
12.126848942160121,12.472022879727955
9.744830656013221,10.632163174334385
9.803991941194472,7.924510663203821
6.8838195899551655,8.799039427335554
7.094393343259766,8.779852662064044
12.719569257992555,10.189602682217002
6.5858717244937015,11.822853867588693
10.499457453350525,10.358389971079498
11.496402086222783,11.840952909596945
10.058100483264896,11.026083187930658
9.805404776965542,8.80305973135505
11.891199780743753,10.395792005427847
13.234986828402096,9.468546552616498
7.248646040831349,9.887504211560506
12.086124266224513,8.094538791766448
9.194641402166086,16.470294560951803
6.494786573888157,9.462432060676738
3.463194020734571,15.676041222890161
13.378173375920262,10.275866292404112
10.792567101944721,6.63869192916165
7.930604471796008,12.094301648731934
10.093640662560263,12.510322407930207
11.028824020035731,10.539931436829791
8.65254168396185,8.88824838358228
8.822923275082077,9.11537869456232
13.29088533104243,13.521936769597056
9.46629543181174,9.166311184228915
11.21465414617233,10.240391579530996
12.812378595008253,9.68017817976175
8.515121491171648,11.658789977080566
9.17236273557069,10.111831380584716
13.346648165012544,10.890451105424521
7.924649182076476,9.135470506171323
13.033630961768912,8.676948304412257
9.390770408212497,1.8581886087490231
7.45675487455891,11.274081951154212
8.851445170311,10.728378150874546
12.1429180850234,8.716594640026802
9.740244233788063,11.544383039482078
10.219936398169777,9.30724875973489
10.629145395844883,10.379153240238336
7.634197799293752,10.672222354595256
9.37438483774334,11.160052097689428
12.157227684123367,8.529024397170723
10.171292412876936,11.465525774877989
15.657316232095226,12.408505299636081
10.123654173241631,12.307087622577189
7.5555477606640205,8.924644754356665
11.515388742008321,12.149567640574395
13.147193653484086,11.60982513007531
9.7588562913572,10.583235295091818
12.250900779671607,11.640112480691588
10.831043347935092,9.64120400316885
13.912260917913926,10.476297203149187
11.182676153986668,9.331115811888733
13.762335596349878,4.485420147748704
8.571408549998907,12.263390794003685
13.758158416635396,12.245468606839289
10.438300443872643,5.347911901468197
7.643741435914751,12.8369442019441
8.736094198431015,11.075207957532427
7.502493797728,9.905222127154326
13.576032328069793,11.976435327683896
10.322420454172644,13.402621755030276
10.04242883491351,11.050091786818331
8.894303284340927,11.319576688945377
11.924443771922107,10.7100273714417
8.7908574619694,12.0310352864061
10.773120034066165,10.990882999277016
13.167430668730344,9.370642422008308
10.913139251849081,5.288499150347937
12.963738552843543,11.586857388248495
10.490923060463846,12.320588977786116
8.166168106327603,6.667804782503321
10.633891711489774,8.616208882606216
11.445004357339648,7.032837535144249
9.433892404852749,8.79269843911404
11.899423572455724,9.592690459845398
12.840911320693733,4.6496670041537405
11.05753206303664,5.568035655872408
5.997381280137374,8.676854273844471
10.693053596297442,12.637229950317728
10.677066784686506,8.33993672055067
15.551902676707922,13.42317324951192
9.825648497063995,12.916238561263782
8.443365678880157,12.412916669816045
9.04628359237386,11.144435001490768
7.870746878500058,13.218556740919073
11.28534077339026,11.48094857802019
13.279749303405522,9.519940524928101
7.275161956302811,7.110151880461104
7.6546065154056295,9.758457372613169
6.841518281270743,3.3409242770277396
14.790249147115118,13.401121345114698
10.520561938685727,8.266742766783297
13.12025866180203,9.907498832422274
7.576045791483379,11.014535760515114
12.76422398740258,10.399935507558673
11.495679109941234,13.010368504882628
6.996150641795276,11.17195617686723
16.112070430402103,7.144965473737838
12.487840968509518,7.935005882028575
13.073276714912101,8.285716289821496
8.022670857450604,12.10337171109629
7.4072842511010215,11.832839998477436
8.058980595522831,14.632431833301972
8.423391629623888,9.549748515402124
10.909953992246017,9.932177665689194
11.315874933676769,9.386893018913481
11.172747638313007,9.647534248150444
8.476270292793256,16.831791923072693
9.089013035784248,13.28146982289617
16.49114220433421,13.043909741319068
6.051788249424745,10.954216324353942
11.707068700136164,11.18384643464614
11.896817321056416,11.426506505012552
13.860390489654433,10.370556183194807
13.139739925277754,9.301972362191204
7.646836069767278,7.50488464459947
5.885078373699896,12.271523930579482
10.695621870059583,10.965056362764654
9.361199172024788,12.412941815965542
6.227957131579174,6.093445829496656
9.392669527438635,14.134326328802823
7.027137385479795,9.762666948521279
9.815176570807,12.83879865628169
10.437869369954106,12.559451385797779
10.650276048248717,12.388211493060414
10.778966348498997,7.362533113103133
7.072877066220667,8.30349047307535
8.591656082318298,14.415778498632468
9.292328803284576,8.050706066371461
9.775479957301977,11.50585976251507
7.006157082018447,7.3422748661739705
10.411702925665672,11.056884040942663
8.672043701477758,10.1183595309666
9.162467682990679,13.346895200088252
12.531874908230929,11.401883571955809
10.809817808063348,15.647423409310155
11.693588021568562,14.986949745924283
13.765567801782195,9.974429507542954
10.059797525982837,15.42099890530758
8.299672232670895,5.0133404115946
10.614320122327827,9.767250228906608
8.374060724724275,12.205997697986026
10.369284453722711,11.0830047078543
16.21867950317749,9.498100827883842
13.535869449344355,9.91367674081075
12.13770925937953,9.314670143397834
12.44443803778557,5.883862098870803
9.576949761778678,8.713815049235707
8.072244535528437,12.003222300700484
12.952120200962366,12.391451479832199
12.430732839893015,10.530319910897964
9.726370982361276,9.722987002396389
6.782172511392216,9.42008616911891
9.992814038675283,10.810076383149555
7.480179077109016,12.726695509777814
10.004820450859217,11.713594030921232
8.305390542121835,10.202024178807607
13.196134072323431,12.773891508812056
11.590272807035802,8.829467547498442
9.739429086058191,11.096760764105328
10.410146605772873,9.381538328370894
6.569692889062823,8.906106365067634
14.132467502056716,8.143149592934016
11.749914544088202,8.426946673599545
9.077328151943185,10.1999176956152
8.653674083265782,9.008972894239255
12.431152643777155,10.534634387236707
11.157396023632154,9.979526745388828
6.476058615184039,7.374531317874214
10.875991168784704,11.51370430205691
10.020993409149051,8.040393130333033
12.29848069871382,9.562228333148287
13.94487352230859,9.301667529001072
9.80560947924287,8.46529367728824
12.513249034064367,11.24537401368256
10.187598790019324,10.109256955702598
9.062827285630439,9.174611205422895
12.382825267800476,8.401077794877285
10.197317169731487,12.591584319261264
9.52301330870989,7.958095041188786
12.593333647790763,10.498375649499216
7.478523035477284,11.7293998288509
12.794829878378833,10.904246661270184
11.885402969398752,9.158894243488174
14.279797947530644,10.565960498885934
10.41269352716751,10.659784235534692
8.341334475924938,6.7987113727561495
10.054969842657853,7.790447491813267
10.291085809285795,10.34785327515168
11.143441046602256,8.806381040146846
11.937495154799821,9.85148177672158
12.65986741568679,12.240041412728026
13.081925447011056,8.138848319954652
5.0546566220575775,11.586328070094591
13.156875670162314,9.053838250364334
13.180376261097786,11.53050251712672
12.995322188790675,9.44905138362755
13.18154904953213,12.4575003535503
11.666101824622626,13.39952030460005
8.745167894626185,13.960242997626017
11.36552930671832,10.183285991177325
16.983326128422277,13.05979297691442
10.882489609383466,11.882123835409152
7.63464207764088,10.74045259434512
5.517824762692266,8.50895033048645
10.35874611225981,10.297402142406055
7.112252846532098,10.719513527910022
10.910290403910775,6.395617418581585
5.286676569799882,7.134630586219706
11.297033182731164,11.37638145283195
3.829321046111639,9.959352443156993
8.782899321319656,12.006961172252952
11.33169678437338,13.735116442294002
7.268426215945827,13.917535551761098
7.70206013360631,12.844759851334008
5.481673233979444,12.538801289879355
5.9862386246162185,12.724425409917819
9.620647281613648,12.022944365179994
11.313766208379683,13.918970864902072
9.738219922078713,8.926937079101187
13.393185319785223,8.918386856268606
11.537967303759695,12.435434637736014
8.251452893668185,12.912884652402393
14.139878414827807,4.596330226740987
11.251195037881528,10.942324829196348
9.859840961671695,16.003211982801773
5.619085674779974,7.347269869260902
14.180768237055654,16.451167187093397
8.48200551060348,12.732176460794005
11.349056816767826,8.712740113361459
9.099698527973734,10.561973663030644
6.7844710899154235,16.5341823721431
5.4376070477867335,13.992379069152925
7.110224446920504,12.241928013296683
8.167364662642488,12.500931714686937
12.618277849022945,14.14904202717255
7.696945649426601,11.276391229784583
12.264785377606511,7.163510332972628
9.74876406658168,11.066565794130291
8.468632390573859,17.479093265096427
6.070745483309278,10.113203851459799
8.808250977430749,6.38893708318936
11.932973393907877,13.01381536152448
6.354950080195071,10.025003104755951
7.458081467482376,8.73930206328832
8.287524048977316,7.215814363961313
16.82510901264019,6.928209108987877
10.178568799760164,9.636726688744577
9.53273026551702,6.063321938022051
9.51925420876349,12.33779322696852
8.691027074480543,12.189800357184199
16.012958483653463,14.014704106808638
12.888302936917263,9.041723867130589
7.719960684867776,10.196779276498095
9.436324902041136,11.638169859919179
9.61369351255815,9.358949506853557
8.944647202569055,10.708104784914731
12.760026795213962,13.870200357589335
8.5932587040765,20.03630053439444
8.676877993985922,10.284356092067728
10.759289319839583,13.583438951527407
7.94994810915597,9.81208083355984
8.749653802323344,12.696192347266205
14.53668699147291,8.38480047628711
9.52648236079511,14.036619517980332
5.705194960564212,10.54643675188784
11.701409501861216,14.457641103190312
8.512296515184302,12.128214274244925
9.164479227344815,9.501606426882745
5.969934321973967,9.83638679891534
7.025821810254985,7.274677177460478
5.6055598746020365,9.424060421971411
7.042546469974209,6.491448071344369
8.316282591548555,9.990016798432976
10.36497111445917,11.611130184974114
6.100358794578993,8.214130815479077
14.360302568689125,13.533631844962736
9.543780635670066,9.496484445548544
13.155062534390812,7.439000706618718
9.441155007411865,10.085377474865007
9.281397732720636,11.52181443745745
11.829217359894113,11.604750784971097
8.26775969089951,6.479049595381459
9.753774943176058,11.37951497742835
11.124271122536204,9.89561311902233
10.432603518417954,10.151968184761387
10.743044629346077,11.641794107155297
13.922564775997296,13.595444823770686
14.934466915424817,11.906681229857277
11.622754252125857,8.769017280524166
11.115059211227466,8.459003643346671
10.656746011219965,11.654692554131582
10.533482672307263,8.044020704305096
5.962725039421003,8.947104914850547
8.014042464938171,8.131118778567508
10.229869858365818,9.005153903988036
9.158885501031206,7.53104555557936
9.675127219109196,8.506852308235457
7.447760504125005,12.137732399060067
11.858347258608818,8.853050121959054
6.587845102160985,10.875635625718242
14.427039837053048,8.931724734777001
14.469414385427786,9.064360994231755
10.641674589171448,10.105809639455947
8.880610654318906,12.664014376111707
7.062099249051875,6.521985263179471
10.336340653050524,11.84249609135569
9.022105665265538,11.636847382690451
12.88915499844022,7.876833877242967
11.02896441614715,9.353873394829511
10.027928849713065,8.479491857397338
9.782882890054022,11.87710915811421
11.03584973839008,9.806409247234193
10.382717889368408,10.46917728004595
10.546772149762957,9.542996813905091
11.115205631466848,9.748432106998528
8.839997909202642,10.002372631272682
12.143288129651168,10.00184000586171
15.433788337742701,10.467318341971113
9.885391669469106,16.99097298954592
11.575037160139509,14.973895311297504
13.637157765194816,6.853020804682792
10.706886750761031,11.309921871170747
8.669652813330533,11.910420428192662
7.190715353644814,8.544837397329763
10.40512624280101,10.986976597793118
7.905989203854341,11.25243327403273
10.157231354453153,8.120864715465983
12.117069499830487,8.750775203403006
10.061557736982556,11.140146870292659
9.43413471393371,7.124379370437057
7.73752931373409,9.286327313607307
10.215293493965987,11.317104852382252
7.6067241188636565,6.5132041920643875
12.156022813428153,6.474062334810132
10.209998563321482,7.791309211105386
12.12317080313916,11.039252963611327
7.140969110294528,12.0324287251588
12.905517985813432,10.904633537077224
9.946640523948897,10.19072198313041
10.13000799577416,7.5940017387013805
7.097799173707239,9.825583770665013
13.01130806158971,13.263900566613145
9.28789352557312,9.261348235326986
10.750413832794552,7.666387366404132
9.108599676446618,8.320016945264658
10.378478385414814,14.850237037060012
10.22420896995389,7.743669403294716
10.334624477302592,10.4016522405144
13.313842249227003,12.150221051359216
9.56851994922409,12.898671280831076
8.505107087062434,11.227339516411272
12.171153213598856,9.350401276990265
9.479865759611513,11.945217306722652
11.256693415988586,8.347025631395443
11.266897543993244,14.94690943082998
9.514992954678311,7.885025022914688
8.164867686740287,10.99729804086145
13.01721799901783,8.841178671510674
9.891692171639763,10.306073709355774
12.802085040116694,11.331984481948954
9.447769011298439,10.34891129301647
13.245329457935911,11.892663639139759
8.866580122753623,6.697258185297363
12.68388357936011,14.808260931697701
9.621612581714134,13.111043453227417
14.310206987027914,11.484536242908113
9.526832085701944,14.593414095783931
15.519814485812558,9.487247263596737
4.723986757728477,16.896155955876203
14.195166345393805,9.67909258576508
15.39011643027553,10.727324734677307
8.873048593892515,9.742932724427648
6.314902531387851,13.858503899992497
5.8746176414169335,12.818320597223558
11.03710006606574,13.045741193382835
13.233452073208705,8.227390825648492
9.946359862741717,9.706787931333531
11.92720145333026,14.606169939128405
11.447417472724645,9.170753351284587
11.06815469086961,15.113773533980623
9.385723592869606,12.660640275357835
10.542223581890841,13.031456737394084
7.244552893471958,10.799592306951446
6.62493726351174,7.86258467705743
11.534905341902244,9.249757012564793
13.150077196116477,12.42583729281686
7.6003385032541955,8.869246883285891
10.271101416938091,14.241690786642803
12.029848418304475,6.747433926229805
9.044277003274745,12.914861077390485
7.061233837966313,8.820085211445903
10.346000612051187,11.001913487873164
9.572141465448928,7.345000015068746
8.678192082493029,8.67225485875202
9.873900700831326,13.216485497286707
11.290526004726543,8.812980130787649
10.418373264582515,10.301345858046858
9.081716759921846,11.561581517454428
7.930085029698182,7.842276396922079
12.298212008337353,8.23851867017722
15.472002078020267,11.080071115469883
12.252888544328881,10.851591013511541
8.563740147807689,9.237672131414143
9.83834482193566,7.707085428079158
9.960224032058132,9.704950890293857
8.498050519303206,8.530935814883524
11.605046899953829,14.68778169044758
8.1780789293416,7.16790882485948
10.606089040548214,5.468223619753009
8.442454037544797,12.647127541139367
13.345171317958135,10.234370487887235
8.193017908878899,11.11540080358947
11.973907927348879,9.086166572966833
9.734080051137584,11.06671474930233
11.965816769469228,11.485686013084413
13.18342392570268,10.793656017452516
12.688288627918054,7.933788030665442
10.996817544953725,14.236516319506585
8.777851248733462,11.116995869882489
9.227034802733236,8.513185358250594
7.019829329575158,10.158190518985691
13.643275767288632,5.424376783046688
8.003781655929965,14.029665770017806
4.09521509812525,15.186012213124434
6.472040440782424,14.691195516280235
11.749037329658027,11.791188608991545
10.502733183440542,10.904016607705733
11.69685236340906,11.470684619851289
3.016592129954392,10.590419222117285
6.859988145793659,10.177646477132303
8.992734400050963,9.207441975286091
8.29513409426125,11.842848173616826
11.126832008315226,14.887985223381369
11.910485690336543,7.035635703191033
11.820928945671072,9.741582738144254
8.187955082167642,7.146718615445578
8.48532573815679,11.179955430805066
9.757382514178838,11.089727265522493
7.806546516486848,11.094662549383465
8.933579013417003,9.066290973272977
5.772251916812341,12.732799563766408
11.439261155223434,15.949631646892353
9.880173827224572,13.055826862782025
9.674127621930623,9.134396206704764
10.630432688519845,10.273626552617628
8.674791615491124,7.576048639813236
11.820543292504917,11.150169305032328
17.88386674954066,11.957996492089668
9.80423181205632,10.87985232148201
10.789598697169627,9.233396626086973
12.299922591606109,10.699819944795042
5.745699893005807,7.8541338638089195
6.402841500871558,14.282311521180642
8.77776843411772,13.85853474803936
11.772597863127155,7.810232402343482
10.628239405518363,14.91293157561562
15.407746301295301,7.7710477379592975
10.873762875490684,9.542179116272822
8.478100872608213,12.192302167125296
10.12004691484451,10.689506451402018
11.868456889015164,13.23084950293512
9.096017515562949,7.400458821543803
9.42333220417608,9.264359947509613
13.325047148332798,7.690518636792148
10.477022906486958,13.148104136499212
9.149482914062697,9.800040179751306
7.323893632867417,8.063669537881992
10.317852558001691,11.852512335562327
14.379264928663897,7.664625200892213
10.920174443428197,9.509086366408294
17.646623396381838,5.1576474011060816
11.68964812397105,9.486984227202704
7.4891510608076794,14.720453481564874
2.272386634603536,11.942191851539956
8.672400060620546,11.373158939098936
11.55046478792254,8.06543717928956
9.705757076716985,13.655818238844619
7.577094997670045,16.40553746617188
9.106331172845874,9.659807234762736
10.450649850348906,7.469097039105757
7.886273834975357,13.18768546990264
5.919948981850112,8.935179353371435
10.149035133839584,5.722793354333732
13.391701208744024,9.179129120315029
14.639534439974366,7.309486079225014
9.93301510982995,11.994350244233612
12.867162123929536,11.548236355319096
12.953976529112289,12.438732564081935
9.318973440027312,14.031489502362742
8.588463703604791,9.442240573837424
10.424427572363305,10.220026560094565
12.119787275494355,9.543484651826406
9.425129194630074,12.265125896206344
11.204021654669095,6.514806567565252
6.805675753403064,9.04759225918357
7.966458645130024,13.620588171923442
7.200089824372836,14.317079537635948
11.406897005662858,11.428246192673484
9.740818919012453,11.719816324308075
9.303843118394324,9.207036601563784
10.267355780313029,13.588284822273057
12.809106668176446,13.238843795994647
8.100400140694337,11.210374051672895
10.076172290478587,13.021932545894783
5.26032514967498,11.274201409051468
8.811962310139863,10.30413172095044
9.207439327297516,10.719079109187296
10.308522258082748,8.79522995089066
10.428702484552096,6.3443434134859285
11.441107570199396,9.797529542656575
10.751251338727178,10.299941754902138
12.39599206833733,14.330476808497396
6.999793170875375,6.180550806031606
7.2098541631652004,9.348394170047177
4.907223931449805,10.158826391268368
8.04073760500996,10.356060135728312
7.61092185467594,9.537076796970231
11.422737228471588,14.186349579802997
15.333465283172444,11.977766551441627
9.130397209452525,10.055271370907311
10.113734257443586,8.856195039262904
6.759284227342464,7.7490968769138036
8.339105164756031,9.227971160366415
9.737901137179021,8.73925267646516
12.685968804332258,10.975064614886259
8.246206169400052,10.712990869604804
10.023601361284346,9.87011511082748
11.642898985767946,12.777234945384661
11.22195232710786,11.131815079160093
7.027516225092294,6.697916437739653
15.936426346153667,8.006888883030992
9.02986043544159,9.946089179857358
9.06207200923966,7.786111585198662
10.774084912450702,13.548932343962491
15.777324348848138,12.561589256388487
9.90324270206567,10.69436030715142
13.363697554793603,11.589436385938978
10.876441447953445,6.996280899471014
11.806618683247518,10.992270795995696
14.213105115029101,9.216694727830966
11.812537240676471,15.219319027135281
8.099222343312354,4.7191056433807255
10.01620690721154,6.5848713218043695
16.167907226817267,10.906129170796893
12.933504897364788,8.099583930664679
9.413917792649698,7.828954352366337
10.176723491153595,5.965992883846997
12.105379109583518,14.43981754333865
9.735243040268044,12.893384061214936
9.56807314699714,11.556938283046419
12.117692610528447,12.691719491875185
12.499137566430974,9.638729269123496
11.463826298622543,15.04106773560946
7.697835701181894,13.412940208835902
10.69010082792045,13.529596238828901
11.925637533973664,7.3093247688017655
14.10878062139323,13.864060124378886
5.839160728289537,13.987524040202183
9.156280524935774,6.446921134868743
12.934710799317282,7.383157046199299
9.457573464277907,12.577126257709818
10.811665689545354,12.212254372020944
13.259780945232626,13.251558484539913
10.478970147660664,6.693785794688576
9.586852076853479,3.814433014478853
9.249846780146854,10.295187321697613
8.274211994148496,9.998244188521415
8.607966220089141,8.069162899573518
9.955810762049566,8.236724023588597
11.24547277589884,6.601595704515744
14.961299027787348,11.124623794126684
6.415881037080642,12.706375535123371
11.453237190594718,10.330370256318478
10.965629676104038,13.201329925826226
14.31236003803349,15.738785547914002
12.052789004045788,6.654847199810363
9.343968975397608,11.767532052140307
13.510300212402864,13.202501257073251
15.93014616205879,9.014051717782984
9.143959757515931,11.976147977831197
8.708734463000663,10.742902355370513
8.670698642140882,12.41780712209105
9.769360340893389,12.536160110516603
10.145920099859378,13.30962347436074
9.411252013406113,12.173262018739736
12.138222850400224,10.78688853840676
10.837639982581008,14.95053767090428
8.055433694158081,12.362268232880966
10.46067300604549,12.384062523540011
10.327057841404446,14.95990625325048
8.046825359366975,11.013836332288376
11.442869473236318,9.409013387656575
15.119662866939406,10.164987805400655
7.3871300885041205,9.393637123458566
11.73306606168036,6.972184021043763
8.615577671005182,8.972670194027756
8.701658901322286,13.252099737468711
8.493394630874976,6.4731661407478915
11.178456056389,12.218141608625272
7.5956622783963965,8.329445138832527
4.8180319870094666,9.78925035616705
6.6893412966140895,10.997765054393955
10.904701715205992,12.756077284783624
7.04222790492727,12.4717875710808
12.943972078244705,9.14199755471255
9.669566120357118,8.841233172234508
10.592617297080608,8.442740835268777
10.536606045719124,5.990685826127002
11.016020371756317,8.089057910788844
13.160323950404283,12.987584305084713
9.248715664624145,9.65441550176899
7.566045931476101,14.422968455764876
12.107667400921674,5.608691392483873
10.919875356995115,10.316285172742644
9.047096416962153,10.29219454948397
9.726990846836294,10.582762444331008
12.278033712352268,10.012455076469305
11.626423212833895,11.05256159130653
13.395144154954487,14.665618086236485
11.030103973683474,7.682950902351189
9.90282417661888,6.837667440726137
11.970892954192186,7.670674124650441
8.718413086680327,8.58385936408859
5.320304256121915,13.74427242734323
9.540501491747023,10.017308074387932
11.523355584708566,8.37889866576575
